Sex	Equipment	Age	Division	BodyweightKg	WeightClassKg	BestSquatKg	BestBenchKg	BestDeadliftKg	TotalKg	Wilks	average_Age	average_BodyweightKg	average_WeightclassKg	average_BestsquatKg	average_BestBenchKg	average_BestDeadliftKg	average_TotalKg	average_Wilks	median_Age	median_BodyweightKg	median_WeightclassKg	median_BestSquatKg	median_BestBenchKg	median_BestDeadliftKg	median_TotalKg	median_Wilks	mode_Age	mode_BodyweightKg	mode_WeightclassKg	mode_BestSquatKg	mode_BestBenchKg	mode_BestDeadliftKg	mode_TotalKg	mode_Wilks	min_Age	min_BodyweightKg	min_WeightclassKg	min_BestSquatKg	min_BestBenchKg	min_BestDeadliftKg	min_TotalKg	min_Wilks	max_Age	max_BodyweightKg	max_WeightclassKg	max_BestSquatKg	max_BestBenchKg	max_BestDeadliftKg	max_TotalKg	max_Wilks	STDEV_Age	STDEV_BodyweightKg	STDEV_WeightclassKg	STDEV_BestSquatKg	STDEV_BestBenchKg	STDEV_BestDeadliftKg	STDEV_TotalKg	STDEV_Wilks
M	Raw	25	Open	99.79	100	187.5	130	210	527.5	321.3	32.16606498	90.76877256	92.93140794	199.98596	133.8972101	214.6258909	526.9810108	363.0154152	28	88	90	192.5	136.79	226.8	532.5	363.57	25	99.56	90	182.5	137.5	272.5	550	396.44	15	50.47	52	60	40.82	92.5	54.43	52.67	62	172.37	140	457.5	347.5	374.21	1132.5	666.62	11.39579392	22.23463133	22.31423084	76.57137595	53.31736392	64.52342149	193.5447192	86.34501955
M	Raw	23	Novice	98.88	100	227.5	137.5	250	615	375.99	32.16606498	90.76877256	92.93140794	199.98596	133.8972101	214.6258909	526.9810108	363.0154152	28	88	90	192.5	136.79	226.8	532.5	363.57	25	99.56	90																													
M	Raw	35	Novice	97.52	100	205	137.5	212.5	555	341.28	32.16606498	90.76877256	92.93140794	199.98596	133.8972101	214.6258909	526.9810108	363.0154152	28	88	90	192.5	136.79	226.8	532.5	363.57	25	99.56	90																													
M	Raw	20	Novice	95.03	100	132.5	102.5	167.5	402.5	250.33	32.16606498	90.76877256	92.93140794	199.98596	133.8972101	214.6258909	526.9810108	363.0154152	28	88	90	192.5	136.79	226.8	532.5	363.57	25	99.56	90																													
M	Wraps	34	MPF	97.16	100	240	132.5	227.5	600	369.54	32.16606498	90.76877256	92.93140794	199.98596	133.8972101	214.6258909	526.9810108	363.0154152	28	88	90	192.5	136.79	226.8	532.5	363.57	25	99.56	90																													
M	Raw	19	T3	99.56	100	277.5	150	265	692.5	422.2	32.16606498	90.76877256	92.93140794	199.98596	133.8972101	214.6258909	526.9810108	363.0154152	28	88	90	192.5	136.79	226.8	532.5	363.57	25	99.56	90																													
M	Raw	29	Open	106.82	110	212.5	190	257.5	660	392.07	32.16606498	90.76877256	92.93140794	199.98596	133.8972101	214.6258909	526.9810108	363.0154152	28	88	90	192.5	136.79	226.8	532.5	363.57	25	99.56	90																													
M	Raw	34	Open	106.59	110	182.5	140	227.5	550	326.96	32.16606498	90.76877256	92.93140794	199.98596	133.8972101	214.6258909	526.9810108	363.0154152	28	88	90	192.5	136.79	226.8	532.5	363.57	25	99.56	90																													
M	Raw	29	Novice	106.82	110	212.5	190	257.5	660	392.07	32.16606498	90.76877256	92.93140794	199.98596	133.8972101	214.6258909	526.9810108	363.0154152	28	88	90	192.5	136.79	226.8	532.5	363.57	25	99.56	90																													
M	Raw	29	Novice	105.23	110	125	120	227.5	472.5	282.13	32.16606498	90.76877256	92.93140794	199.98596	133.8972101	214.6258909	526.9810108	363.0154152	28	88	90	192.5	136.79	226.8	532.5	363.57	25	99.56	90																													
M	Single-ply	36	MPF	102.33	110	260	182.5	260	702.5	423.73	32.16606498	90.76877256	92.93140794	199.98596	133.8972101	214.6258909	526.9810108	363.0154152	28	88	90	192.5	136.79	226.8	532.5	363.57	25	99.56	90																													
M	Raw	30	MPF	107.5	110	192.5	135	220	547.5	324.56	32.16606498	90.76877256	92.93140794	199.98596	133.8972101	214.6258909	526.9810108	363.0154152	28	88	90	192.5	136.79	226.8	532.5	363.57	25	99.56	90																													
M	Wraps	30	MPF	107.41	110	227.5	137.5	272.5	637.5	378.01	32.16606498	90.76877256	92.93140794	199.98596	133.8972101	214.6258909	526.9810108	363.0154152	28	88	90	192.5	136.79	226.8	532.5	363.57	25	99.56	90																													
M	Raw	18	T3	102.29	110	207.5	125	205	537.5	324.25	32.16606498	90.76877256	92.93140794	199.98596	133.8972101	214.6258909	526.9810108	363.0154152	28	88	90	192.5	136.79	226.8	532.5	363.57	25	99.56	90																													
M	Wraps	23	Open	111.36	125	230	172.5	255	657.5	385.51	32.16606498	90.76877256	92.93140794	199.98596	133.8972101	214.6258909	526.9810108	363.0154152	28	88	90	192.5	136.79	226.8	532.5	363.57	25	99.56	90																													
M	Wraps	18	T3	122.56	125	237.5	125	237.5	600	343.32	32.16606498	90.76877256	92.93140794	199.98596	133.8972101	214.6258909	526.9810108	363.0154152	28	88	90	192.5	136.79	226.8	532.5	363.57	25	99.56	90																													
M	Raw	20	Novice	113.17	125	132.5	102.5	167.5	402.5	234.9	32.16606498	90.76877256	92.93140794	199.98596	133.8972101	214.6258909	526.9810108	363.0154152	28	88	90	192.5	136.79	226.8	532.5	363.57	25	99.56	90																													
M	Raw	27	Open	134.35	140	250	175	272.5	697.5	392.28	32.16606498	90.76877256	92.93140794	199.98596	133.8972101	214.6258909	526.9810108	363.0154152	28	88	90	192.5	136.79	226.8	532.5	363.57	25	99.56	90																													
F	Raw	56	F-M4FX-X	85.5	90	68.04	43.09	102.06	213.19	188.47	32.16606498	90.76877256	92.93140794	199.98596	133.8972101	214.6258909	526.9810108	363.0154152	28	88	90	192.5	136.79	226.8	532.5	363.57	25	99.56	90																													
F	Wraps	31	F-OFRC-T	51.66	52	90.72	43.09	92.99	226.8	284.17	32.16606498	90.76877256	92.93140794	199.98596	133.8972101	214.6258909	526.9810108	363.0154152	28	88	90	192.5	136.79	226.8	532.5	363.57	25	99.56	90																													
F	Wraps	44	F-M1FRC-X	83.78	90	117.93	68.04	129.27	315.25	281.49	32.16606498	90.76877256	92.93140794	199.98596	133.8972101	214.6258909	526.9810108	363.0154152	28	88	90	192.5	136.79	226.8	532.5	363.57	25	99.56	90																													
F	Wraps	25	F-OFRC-U	58.74	60	83.91	47.63	124.74	256.28	290.48	32.16606498	90.76877256	92.93140794	199.98596	133.8972101	214.6258909	526.9810108	363.0154152	28	88	90	192.5	136.79	226.8	532.5	363.57	25	99.56	90																													
F	Raw	60	F-OFR-U	67.31	67.5	120.2	95.25	138.35	353.8	361.83	32.16606498	90.76877256	92.93140794	199.98596	133.8972101	214.6258909	526.9810108	363.0154152	28	88	90	192.5	136.79	226.8	532.5	363.57	25	99.56	90																													
F	Raw	60	F-M6FX-X	67.31	67.5	120.2	95.25	138.35	353.8	361.83	32.16606498	90.76877256	92.93140794	199.98596	133.8972101	214.6258909	526.9810108	363.0154152	28	88	90	192.5	136.79	226.8	532.5	363.57	25	99.56	90																													
F	Raw	19	F-T3FX-X	81.92	82.5	115.67	68.04	149.69	333.39	301.15	32.16606498	90.76877256	92.93140794	199.98596	133.8972101	214.6258909	526.9810108	363.0154152	28	88	90	192.5	136.79	226.8	532.5	363.57	25	99.56	90																													
F	Wraps	25	F-OFRC-T	56.97	60	136.08	74.84	147.42	358.34	415.99	32.16606498	90.76877256	92.93140794	199.98596	133.8972101	214.6258909	526.9810108	363.0154152	28	88	90	192.5	136.79	226.8	532.5	363.57	25	99.56	90																													
F	Wraps	28	F-NFRC-X	72.94	75	120.2	54.43	151.95	326.59	316.05	32.16606498	90.76877256	92.93140794	199.98596	133.8972101	214.6258909	526.9810108	363.0154152	28	88	90	192.5	136.79	226.8	532.5	363.57	25	99.56	90																													
F	Raw	42	F-OFR-U	58.97	60	136.08	92.99	158.76	387.82	438.23	32.16606498	90.76877256	92.93140794	199.98596	133.8972101	214.6258909	526.9810108	363.0154152	28	88	90	192.5	136.79	226.8	532.5	363.57	25	99.56	90																													
F	Wraps	42	F-M1FRC-X	58.97	60	136.08	92.99	158.76	387.82	438.23	32.16606498	90.76877256	92.93140794	199.98596	133.8972101	214.6258909	526.9810108	363.0154152	28	88	90	192.5	136.79	226.8	532.5	363.57	25	99.56	90																													
F	Raw	27	F-NFR-X	58.06	60	90.72	65.77	147.42	303.91	347.61	32.16606498	90.76877256	92.93140794	199.98596	133.8972101	214.6258909	526.9810108	363.0154152	28	88	90	192.5	136.79	226.8	532.5	363.57	25	99.56	90																													
F	Raw	27	F-OFR-U	65.41	67.5	163.29	90.72	158.76	412.77	431.03	32.16606498	90.76877256	92.93140794	199.98596	133.8972101	214.6258909	526.9810108	363.0154152	28	88	90	192.5	136.79	226.8	532.5	363.57	25	99.56	90																													
F	Wraps	30	F-OFRC-U	87.54	90	161.03	115.67	183.7	460.4	402.6	32.16606498	90.76877256	92.93140794	199.98596	133.8972101	214.6258909	526.9810108	363.0154152	28	88	90	192.5	136.79	226.8	532.5	363.57	25	99.56	90																													
M	Raw	32	M-NFR-X	71.3	75	124.74	97.52	154.22	376.48	278.23	32.16606498	90.76877256	92.93140794	199.98596	133.8972101	214.6258909	526.9810108	363.0154152	28	88	90	192.5	136.79	226.8	532.5	363.57	25	99.56	90																													
M	Wraps	23	M-OFRC-U	73.75	75	149.69	136.08	167.83	453.59	327.06	32.16606498	90.76877256	92.93140794	199.98596	133.8972101	214.6258909	526.9810108	363.0154152	28	88	90	192.5	136.79	226.8	532.5	363.57	25	99.56	90																													
M	Raw	24	M-NFR-X	81.65	82.5	165.56	149.69	190.51	505.76	340.94	32.16606498	90.76877256	92.93140794	199.98596	133.8972101	214.6258909	526.9810108	363.0154152	28	88	90	192.5	136.79	226.8	532.5	363.57	25	99.56	90																													
M	Raw	20	M-NFR-X	70.99	75	156.49	111.13	199.58	467.2	346.41	32.16606498	90.76877256	92.93140794	199.98596	133.8972101	214.6258909	526.9810108	363.0154152	28	88	90	192.5	136.79	226.8	532.5	363.57	25	99.56	90																													
M	Raw	22	M-OFR-T	74.75	75	161.03	127.01	210.92	498.95	356.36	32.16606498	90.76877256	92.93140794	199.98596	133.8972101	214.6258909	526.9810108	363.0154152	28	88	90	192.5	136.79	226.8	532.5	363.57	25	99.56	90																													
M	Raw	23	M-NFR-X	79.92	82.5	181.44	115.67	226.8	523.9	357.89	32.16606498	90.76877256	92.93140794	199.98596	133.8972101	214.6258909	526.9810108	363.0154152	28	88	90	192.5	136.79	226.8	532.5	363.57	25	99.56	90																													
M	Raw	25	M-OFR-T	66.09	67.5	165.56	161.03	229.06	555.65	435.81	32.16606498	90.76877256	92.93140794	199.98596	133.8972101	214.6258909	526.9810108	363.0154152	28	88	90	192.5	136.79	226.8	532.5	363.57	25	99.56	90																													
M	Raw	39	M-OFR-T	81.6	82.5	176.9	120.2	240.4	537.51	362.48	32.16606498	90.76877256	92.93140794	199.98596	133.8972101	214.6258909	526.9810108	363.0154152	28	88	90	192.5	136.79	226.8	532.5	363.57	25	99.56	90																													
M	Wraps	32	M-OFRC-T	82.05	82.5	215.46	124.74	240.4	580.6	390.23	32.16606498	90.76877256	92.93140794	199.98596	133.8972101	214.6258909	526.9810108	363.0154152	28	88	90	192.5	136.79	226.8	532.5	363.57	25	99.56	90																													
M	Wraps	42	M-OFRC-U	81.47	82.5	249.48	158.76	244.94	653.17	440.9	32.16606498	90.76877256	92.93140794	199.98596	133.8972101	214.6258909	526.9810108	363.0154152	28	88	90	192.5	136.79	226.8	532.5	363.57	25	99.56	90																													
M	Wraps	25	M-OFRC-T	80.06	82.5	251.74	149.69	256.28	657.71	448.81	32.16606498	90.76877256	92.93140794	199.98596	133.8972101	214.6258909	526.9810108	363.0154152	28	88	90	192.5	136.79	226.8	532.5	363.57	25	99.56	90																													
M	Raw	24	M-NBR-X	81.65	82.5		149.69		149.69	100.91	32.16606498	90.76877256	92.93140794	199.98596	133.8972101	214.6258909	526.9810108	363.0154152	28	88	90	192.5	136.79	226.8	532.5	363.57	25	99.56	90																													
F	Raw	28	F-NBR-X	72.94	75		54.43		54.43	52.67	32.16606498	90.76877256	92.93140794	199.98596	133.8972101	214.6258909	526.9810108	363.0154152	28	88	90	192.5	136.79	226.8	532.5	363.57	25	99.56	90																													
M	Raw	61	M-M5FR-X	99.79	100	158.76	106.59	167.83	433.18	263.85	32.16606498	90.76877256	92.93140794	199.98596	133.8972101	214.6258909	526.9810108	363.0154152	28	88	90	192.5	136.79	226.8	532.5	363.57	25	99.56	90																													
M	Raw	17	M-T2FR-X	87.27	90	156.49	97.52	192.78	446.79	289.87	32.16606498	90.76877256	92.93140794	199.98596	133.8972101	214.6258909	526.9810108	363.0154152	28	88	90	192.5	136.79	226.8	532.5	363.57	25	99.56	90																													
M	Wraps	19	M-T3FRC-X	95.66	100	226.8	127.01	231.33	585.13	362.84	32.16606498	90.76877256	92.93140794	199.98596	133.8972101	214.6258909	526.9810108	363.0154152	28	88	90	192.5	136.79	226.8	532.5	363.57	25	99.56	90																													
M	Raw	39	M-OFR-U	88.9	90	181.44	192.78	244.94	619.15	397.77	32.16606498	90.76877256	92.93140794	199.98596	133.8972101	214.6258909	526.9810108	363.0154152	28	88	90	192.5	136.79	226.8	532.5	363.57	25	99.56	90																													
M	Wraps	45	M-M2FRC-X	95.66	100	240.4	165.56	226.8	632.76	392.37	32.16606498	90.76877256	92.93140794	199.98596	133.8972101	214.6258909	526.9810108	363.0154152	28	88	90	192.5	136.79	226.8	532.5	363.57	25	99.56	90																													
M	Wraps	45	M-OFRC-U	95.66	100	240.4	165.56	226.8	632.76	392.37	32.16606498	90.76877256	92.93140794	199.98596	133.8972101	214.6258909	526.9810108	363.0154152	28	88	90	192.5	136.79	226.8	532.5	363.57	25	99.56	90																													
M	Wraps	22	M-OFRC-U	99.79	100	285.76	195.04	258.55	739.36	450.35	32.16606498	90.76877256	92.93140794	199.98596	133.8972101	214.6258909	526.9810108	363.0154152	28	88	90	192.5	136.79	226.8	532.5	363.57	25	99.56	90																													
M	Wraps	28	M-OFRC-U	89.58	90	274.42	158.76	258.55	691.73	442.65	32.16606498	90.76877256	92.93140794	199.98596	133.8972101	214.6258909	526.9810108	363.0154152	28	88	90	192.5	136.79	226.8	532.5	363.57	25	99.56	90																													
M	Raw	27	M-MPFFR-X	93.39	100	210.92	163.29	260.82	635.03	398.13	32.16606498	90.76877256	92.93140794	199.98596	133.8972101	214.6258909	526.9810108	363.0154152	28	88	90	192.5	136.79	226.8	532.5	363.57	25	99.56	90																													
M	Wraps	27	M-OFRC-U	93.39	100	210.92	163.29	260.82	635.03	398.13	32.16606498	90.76877256	92.93140794	199.98596	133.8972101	214.6258909	526.9810108	363.0154152	28	88	90	192.5	136.79	226.8	532.5	363.57	25	99.56	90																													
M	Wraps	23	M-SOFRC-X	133.63	140	222.26	147.42	276.69	646.37	363.85	32.16606498	90.76877256	92.93140794	199.98596	133.8972101	214.6258909	526.9810108	363.0154152	28	88	90	192.5	136.79	226.8	532.5	363.57	25	99.56	90																													
M	Raw	31	M-OFR-U	99.02	100	285.76	199.58	306.17	791.52	483.63	32.16606498	90.76877256	92.93140794	199.98596	133.8972101	214.6258909	526.9810108	363.0154152	28	88	90	192.5	136.79	226.8	532.5	363.57	25	99.56	90																													
M	Raw	31	M-NFR-X	120.56	125	183.7	138.35	229.06	551.11	316.51	32.16606498	90.76877256	92.93140794	199.98596	133.8972101	214.6258909	526.9810108	363.0154152	28	88	90	192.5	136.79	226.8	532.5	363.57	25	99.56	90																													
M	Multi-ply	44	M-M1FG-X	107.73	110	183.7	154.22	249.48	587.4	347.97	32.16606498	90.76877256	92.93140794	199.98596	133.8972101	214.6258909	526.9810108	363.0154152	28	88	90	192.5	136.79	226.8	532.5	363.57	25	99.56	90																													
M	Wraps	27	M-MPFFRC-X	109.09	125	226.8	151.95	256.28	635.03	374.68	32.16606498	90.76877256	92.93140794	199.98596	133.8972101	214.6258909	526.9810108	363.0154152	28	88	90	192.5	136.79	226.8	532.5	363.57	25	99.56	90																													
M	Wraps	33	M-OFRC-U	104.6	110	215.46	167.83	260.82	644.1	385.4	32.16606498	90.76877256	92.93140794	199.98596	133.8972101	214.6258909	526.9810108	363.0154152	28	88	90	192.5	136.79	226.8	532.5	363.57	25	99.56	90																													
M	Wraps	35	M-OFRC-T	133.36	140	254.01	215.46	263.08	732.55	412.5	32.16606498	90.76877256	92.93140794	199.98596	133.8972101	214.6258909	526.9810108	363.0154152	28	88	90	192.5	136.79	226.8	532.5	363.57	25	99.56	90																													
M	Wraps	58	M-M4FRC-X	172.37	140	319.78	183.7	272.16	775.64	420.35	32.16606498	90.76877256	92.93140794	199.98596	133.8972101	214.6258909	526.9810108	363.0154152	28	88	90	192.5	136.79	226.8	532.5	363.57	25	99.56	90																													
M	Raw	30	M-OFR-U	123.56	125	285.76	192.78	274.42	752.96	430.1	32.16606498	90.76877256	92.93140794	199.98596	133.8972101	214.6258909	526.9810108	363.0154152	28	88	90	192.5	136.79	226.8	532.5	363.57	25	99.56	90																													
M	Wraps	24	M-OFRC-U	109.72	110	331.12	176.9	263.08	771.11	454.15	32.16606498	90.76877256	92.93140794	199.98596	133.8972101	214.6258909	526.9810108	363.0154152	28	88	90	192.5	136.79	226.8	532.5	363.57	25	99.56	90																													
M	Wraps	26	M-OFRC-U	114.26	125	226.8	151.95	278.96	657.71	382.83	32.16606498	90.76877256	92.93140794	199.98596	133.8972101	214.6258909	526.9810108	363.0154152	28	88	90	192.5	136.79	226.8	532.5	363.57	25	99.56	90																													
M	Wraps	24	M-OFRC-U	124.1	125	306.17	197.31	288.03	791.52	451.71	32.16606498	90.76877256	92.93140794	199.98596	133.8972101	214.6258909	526.9810108	363.0154152	28	88	90	192.5	136.79	226.8	532.5	363.57	25	99.56	90																													
M	Wraps	58	M-M4FRC-X	123.47	125	319.78	199.58	306.17	825.54	471.63	32.16606498	90.76877256	92.93140794	199.98596	133.8972101	214.6258909	526.9810108	363.0154152	28	88	90	192.5	136.79	226.8	532.5	363.57	25	99.56	90																													
M	Wraps	58	M-OFRC-U	123.47	125	319.78	199.58	306.17	825.54	471.63	32.16606498	90.76877256	92.93140794	199.98596	133.8972101	214.6258909	526.9810108	363.0154152	28	88	90	192.5	136.79	226.8	532.5	363.57	25	99.56	90																													
M	Multi-ply	39	M-OFE-U	122.65	125	340.19	176.9	308.44	825.54	472.3	32.16606498	90.76877256	92.93140794	199.98596	133.8972101	214.6258909	526.9810108	363.0154152	28	88	90	192.5	136.79	226.8	532.5	363.57	25	99.56	90																													
M	Multi-ply	44	M-M1FE-X	109.13	110	238.14	188.24	299.37	725.75	428.15	32.16606498	90.76877256	92.93140794	199.98596	133.8972101	214.6258909	526.9810108	363.0154152	28	88	90	192.5	136.79	226.8	532.5	363.57	25	99.56	90																													
M	Multi-ply	28	M-OFG-U	108.14	110	415.04	283.5	356.07	1054.6	623.96	32.16606498	90.76877256	92.93140794	199.98596	133.8972101	214.6258909	526.9810108	363.0154152	28	88	90	192.5	136.79	226.8	532.5	363.57	25	99.56	90																													
M	Wraps	25	M-OFRC-U	163.29	140	340.19	238.14	374.21	952.54	520.61	32.16606498	90.76877256	92.93140794	199.98596	133.8972101	214.6258909	526.9810108	363.0154152	28	88	90	192.5	136.79	226.8	532.5	363.57	25	99.56	90																													
M	Raw	19	M-T3PR-X	89.18	90		149.69	222.26	371.95	238.57	32.16606498	90.76877256	92.93140794	199.98596	133.8972101	214.6258909	526.9810108	363.0154152	28	88	90	192.5	136.79	226.8	532.5	363.57	25	99.56	90																													
M	Raw	23	M-OPR-X	89.81	90		188.24	226.8	415.04	265.24	32.16606498	90.76877256	92.93140794	199.98596	133.8972101	214.6258909	526.9810108	363.0154152	28	88	90	192.5	136.79	226.8	532.5	363.57	25	99.56	90																													
M	Raw	26	M-OPR-X	131.13	140		204.12	272.16	476.27	268.96	32.16606498	90.76877256	92.93140794	199.98596	133.8972101	214.6258909	526.9810108	363.0154152	28	88	90	192.5	136.79	226.8	532.5	363.57	25	99.56	90																													
M	Raw	46	M-M2PR-X	132.18	140		260.82	272.16	532.97	300.57	32.16606498	90.76877256	92.93140794	199.98596	133.8972101	214.6258909	526.9810108	363.0154152	28	88	90	192.5	136.79	226.8	532.5	363.57	25	99.56	90																													
M	Raw	46	M-M2PR-X	139.03	140		208.65	308.44	517.1	289.26	32.16606498	90.76877256	92.93140794	199.98596	133.8972101	214.6258909	526.9810108	363.0154152	28	88	90	192.5	136.79	226.8	532.5	363.57	25	99.56	90																													
F	Raw	49	F-OPR-X	81.65	82.5		70.31	124.74	195.04	176.49	32.16606498	90.76877256	92.93140794	199.98596	133.8972101	214.6258909	526.9810108	363.0154152	28	88	90	192.5	136.79	226.8	532.5	363.57	25	99.56	90																													
F	Raw	49	F-M2PR-X	81.65	82.5		70.31	124.74	195.04	176.49	32.16606498	90.76877256	92.93140794	199.98596	133.8972101	214.6258909	526.9810108	363.0154152	28	88	90	192.5	136.79	226.8	532.5	363.57	25	99.56	90																													
F	Raw	47	F-M2PR-X	57.7	60		81.65	142.88	224.53	258.07	32.16606498	90.76877256	92.93140794	199.98596	133.8972101	214.6258909	526.9810108	363.0154152	28	88	90	192.5	136.79	226.8	532.5	363.57	25	99.56	90																													
F	Raw	47	F-OPR-X	57.7	60		81.65	142.88	224.53	258.07	32.16606498	90.76877256	92.93140794	199.98596	133.8972101	214.6258909	526.9810108	363.0154152	28	88	90	192.5	136.79	226.8	532.5	363.57	25	99.56	90																													
F	Raw	42	F-OPR-X	57.79	60		92.99	149.69	242.67	278.57	32.16606498	90.76877256	92.93140794	199.98596	133.8972101	214.6258909	526.9810108	363.0154152	28	88	90	192.5	136.79	226.8	532.5	363.57	25	99.56	90																													
F	Raw	42	F-M1PR-X	57.79	60		92.99	149.69	242.67	278.57	32.16606498	90.76877256	92.93140794	199.98596	133.8972101	214.6258909	526.9810108	363.0154152	28	88	90	192.5	136.79	226.8	532.5	363.57	25	99.56	90																													
F	Raw	60	F-M5PR-X	67.4	67.5		95.25	131.54	226.8	231.72	32.16606498	90.76877256	92.93140794	199.98596	133.8972101	214.6258909	526.9810108	363.0154152	28	88	90	192.5	136.79	226.8	532.5	363.57	25	99.56	90																													
F	Raw	60	F-OPR-X	67.4	67.5		95.25	131.54	226.8	231.72	32.16606498	90.76877256	92.93140794	199.98596	133.8972101	214.6258909	526.9810108	363.0154152	28	88	90	192.5	136.79	226.8	532.5	363.57	25	99.56	90																													
M	Raw	61	M-M5PR-X	99.7	100		104.33	163.29	267.62	163.07	32.16606498	90.76877256	92.93140794	199.98596	133.8972101	214.6258909	526.9810108	363.0154152	28	88	90	192.5	136.79	226.8	532.5	363.57	25	99.56	90																													
M	Raw	25	M-OPR-X	79.92	82.5		142.88	265.35	408.23	278.87	32.16606498	90.76877256	92.93140794	199.98596	133.8972101	214.6258909	526.9810108	363.0154152	28	88	90	192.5	136.79	226.8	532.5	363.57	25	99.56	90																													
M	Raw	24	M-NPR-X	81.37	82.5		151.95	183.7	335.66	226.75	32.16606498	90.76877256	92.93140794	199.98596	133.8972101	214.6258909	526.9810108	363.0154152	28	88	90	192.5	136.79	226.8	532.5	363.57	25	99.56	90																													
M	Raw	25	M-OPR-X	66.77	67.5		165.56	226.8	392.36	305.18	32.16606498	90.76877256	92.93140794	199.98596	133.8972101	214.6258909	526.9810108	363.0154152	28	88	90	192.5	136.79	226.8	532.5	363.57	25	99.56	90																													
M	Raw	45	M-M2PR-X	94.44	100		170.1	251.74	421.84	263.1	32.16606498	90.76877256	92.93140794	199.98596	133.8972101	214.6258909	526.9810108	363.0154152	28	88	90	192.5	136.79	226.8	532.5	363.57	25	99.56	90																													
M	Raw	45	M-M2PR-X	94.44	100		170.1	251.74	421.84	263.1	32.16606498	90.76877256	92.93140794	199.98596	133.8972101	214.6258909	526.9810108	363.0154152	28	88	90	192.5	136.79	226.8	532.5	363.57	25	99.56	90																													
M	Raw	28	M-OPR-X	82.1	82.5		183.7	226.8	410.5	275.8	32.16606498	90.76877256	92.93140794	199.98596	133.8972101	214.6258909	526.9810108	363.0154152	28	88	90	192.5	136.79	226.8	532.5	363.57	25	99.56	90																													
M	Multi-ply	44	M-M1PE-X	109.04	110		185.97	306.17	492.15	290.42	32.16606498	90.76877256	92.93140794	199.98596	133.8972101	214.6258909	526.9810108	363.0154152	28	88	90	192.5	136.79	226.8	532.5	363.57	25	99.56	90																													
M	Raw	23	M-OPR-X	92.26	100		190.51	215.46	405.97	256	32.16606498	90.76877256	92.93140794	199.98596	133.8972101	214.6258909	526.9810108	363.0154152	28	88	90	192.5	136.79	226.8	532.5	363.57	25	99.56	90																													
M	Raw	35	M-OPR-X	123.2	125		204.12	242.67	446.79	255.37	32.16606498	90.76877256	92.93140794	199.98596	133.8972101	214.6258909	526.9810108	363.0154152	28	88	90	192.5	136.79	226.8	532.5	363.57	25	99.56	90																													
F	Wraps	30	Novice-T	51.17	52	97.52	40.82	102.06	240.4	303.43	32.16606498	90.76877256	92.93140794	199.98596	133.8972101	214.6258909	526.9810108	363.0154152	28	88	90	192.5	136.79	226.8	532.5	363.57	25	99.56	90																													
F	Multi-ply	42	Novice-U	55.25	56	120.2	79.38	133.81	333.39	396.44	32.16606498	90.76877256	92.93140794	199.98596	133.8972101	214.6258909	526.9810108	363.0154152	28	88	90	192.5	136.79	226.8	532.5	363.57	25	99.56	90																													
F	Raw	25	Open-T	56.7	60	129.27	65.77	142.88	337.93	393.76	32.16606498	90.76877256	92.93140794	199.98596	133.8972101	214.6258909	526.9810108	363.0154152	28	88	90	192.5	136.79	226.8	532.5	363.57	25	99.56	90																													
F	Raw	49	Open-T	74.84	75	88.45	49.9	127.01	265.35	252.59	32.16606498	90.76877256	92.93140794	199.98596	133.8972101	214.6258909	526.9810108	363.0154152	28	88	90	192.5	136.79	226.8	532.5	363.57	25	99.56	90																													
F	Wraps	24	Open-T	73.48	75	124.74	63.5	117.93	306.17	294.87	32.16606498	90.76877256	92.93140794	199.98596	133.8972101	214.6258909	526.9810108	363.0154152	28	88	90	192.5	136.79	226.8	532.5	363.57	25	99.56	90																													
F	Wraps	33	Open-U	74.03	75	124.74	61.23	129.27	315.25	302.17	32.16606498	90.76877256	92.93140794	199.98596	133.8972101	214.6258909	526.9810108	363.0154152	28	88	90	192.5	136.79	226.8	532.5	363.57	25	99.56	90																													
F	Multi-ply	42	Open-U	55.25	56	120.2	79.38	133.81	333.39	396.44	32.16606498	90.76877256	92.93140794	199.98596	133.8972101	214.6258909	526.9810108	363.0154152	28	88	90	192.5	136.79	226.8	532.5	363.57	25	99.56	90																													
F	Raw	49	M2	74.84	75	88.45	49.9	127.01	265.35	252.59	32.16606498	90.76877256	92.93140794	199.98596	133.8972101	214.6258909	526.9810108	363.0154152	28	88	90	192.5	136.79	226.8	532.5	363.57	25	99.56	90																													
F	Wraps	43	M1	83.46	90	106.59	61.23	124.74	292.57	261.74	32.16606498	90.76877256	92.93140794	199.98596	133.8972101	214.6258909	526.9810108	363.0154152	28	88	90	192.5	136.79	226.8	532.5	363.57	25	99.56	90																													
F	Multi-ply	42	M1	55.25	56	120.2	79.38	133.81	333.39	396.44	32.16606498	90.76877256	92.93140794	199.98596	133.8972101	214.6258909	526.9810108	363.0154152	28	88	90	192.5	136.79	226.8	532.5	363.57	25	99.56	90																													
M	Raw	15	T1	74.93	75	151.95	117.93	145.15	415.04	295.93	32.16606498	90.76877256	92.93140794	199.98596	133.8972101	214.6258909	526.9810108	363.0154152	28	88	90	192.5	136.79	226.8	532.5	363.57	25	99.56	90																													
M	Wraps	16	T2	88.27	90	201.85	108.86	217.72	528.44	340.77	32.16606498	90.76877256	92.93140794	199.98596	133.8972101	214.6258909	526.9810108	363.0154152	28	88	90	192.5	136.79	226.8	532.5	363.57	25	99.56	90																													
M	Wraps	18	T3	104.87	110	317.51	174.63	294.84	786.98	470.47	32.16606498	90.76877256	92.93140794	199.98596	133.8972101	214.6258909	526.9810108	363.0154152	28	88	90	192.5	136.79	226.8	532.5	363.57	25	99.56	90																													
M	Raw	26	Novice	79.65	82.5	154.22	129.27	185.97	469.47	321.4	32.16606498	90.76877256	92.93140794	199.98596	133.8972101	214.6258909	526.9810108	363.0154152	28	88	90	192.5	136.79	226.8	532.5	363.57	25	99.56	90																													
M	Wraps	45	Novice	94.8	100	226.8	165.56	249.48	641.83	399.62	32.16606498	90.76877256	92.93140794	199.98596	133.8972101	214.6258909	526.9810108	363.0154152	28	88	90	192.5	136.79	226.8	532.5	363.57	25	99.56	90																													
M	Wraps	37	Novice	130.63	140	199.58	149.69	226.8	576.06	325.54	32.16606498	90.76877256	92.93140794	199.98596	133.8972101	214.6258909	526.9810108	363.0154152	28	88	90	192.5	136.79	226.8	532.5	363.57	25	99.56	90																													
M	Raw	26	MPF	79.65	82.5	154.22	129.27	185.97	469.47	321.4	32.16606498	90.76877256	92.93140794	199.98596	133.8972101	214.6258909	526.9810108	363.0154152	28	88	90	192.5	136.79	226.8	532.5	363.57	25	99.56	90																													
M	Wraps	26	MPF	68.67	75	192.78	104.33	204.12	501.22	381.23	32.16606498	90.76877256	92.93140794	199.98596	133.8972101	214.6258909	526.9810108	363.0154152	28	88	90	192.5	136.79	226.8	532.5	363.57	25	99.56	90																													
M	Wraps	26	Open-U	74.03	75	165.56	120.2	204.12	489.88	352.28	32.16606498	90.76877256	92.93140794	199.98596	133.8972101	214.6258909	526.9810108	363.0154152	28	88	90	192.5	136.79	226.8	532.5	363.57	25	99.56	90																													
M	Wraps	42	Open-U	81.83	82.5	231.33	147.42	238.14	616.89	415.3	32.16606498	90.76877256	92.93140794	199.98596	133.8972101	214.6258909	526.9810108	363.0154152	28	88	90	192.5	136.79	226.8	532.5	363.57	25	99.56	90																													
M	Wraps	24	Open-T	109.77	110	281.23	154.22	290.3	725.75	427.37	32.16606498	90.76877256	92.93140794	199.98596	133.8972101	214.6258909	526.9810108	363.0154152	28	88	90	192.5	136.79	226.8	532.5	363.57	25	99.56	90																													
M	Wraps	20	Open-U	115.3	125	297.1	185.97	306.17	789.25	458.28	32.16606498	90.76877256	92.93140794	199.98596	133.8972101	214.6258909	526.9810108	363.0154152	28	88	90	192.5	136.79	226.8	532.5	363.57	25	99.56	90																													
M	Wraps	28	Open-U	140.16	140	258.55	172.37	272.16	703.07	392.81	32.16606498	90.76877256	92.93140794	199.98596	133.8972101	214.6258909	526.9810108	363.0154152	28	88	90	192.5	136.79	226.8	532.5	363.57	25	99.56	90																													
M	Multi-ply	43	Open-T	106.78	110	206.38	151.95	229.06	587.4	348.99	32.16606498	90.76877256	92.93140794	199.98596	133.8972101	214.6258909	526.9810108	363.0154152	28	88	90	192.5	136.79	226.8	532.5	363.57	25	99.56	90																													
M	Raw	58	M4	99.43	100	185.97	174.63	222.26	582.87	355.55	32.16606498	90.76877256	92.93140794	199.98596	133.8972101	214.6258909	526.9810108	363.0154152	28	88	90	192.5	136.79	226.8	532.5	363.57	25	99.56	90																													
M	Wraps	42	M1	81.83	82.5	231.33	147.42	238.14	616.89	415.3	32.16606498	90.76877256	92.93140794	199.98596	133.8972101	214.6258909	526.9810108	363.0154152	28	88	90	192.5	136.79	226.8	532.5	363.57	25	99.56	90																													
M	Wraps	45	M2	94.8	100	226.8	165.56	249.48	641.83	399.62	32.16606498	90.76877256	92.93140794	199.98596	133.8972101	214.6258909	526.9810108	363.0154152	28	88	90	192.5	136.79	226.8	532.5	363.57	25	99.56	90																													
M	Multi-ply	44	M1	108.5	110	215.46	165.56	303.91	684.92	404.81	32.16606498	90.76877256	92.93140794	199.98596	133.8972101	214.6258909	526.9810108	363.0154152	28	88	90	192.5	136.79	226.8	532.5	363.57	25	99.56	90																													
M	Multi-ply	43	M1	106.78	110	206.38	151.95	229.06	587.4	348.99	32.16606498	90.76877256	92.93140794	199.98596	133.8972101	214.6258909	526.9810108	363.0154152	28	88	90	192.5	136.79	226.8	532.5	363.57	25	99.56	90																													
M	Multi-ply	62	M5	116.85	125	249.48	158.76	238.14	646.37	374.02	32.16606498	90.76877256	92.93140794	199.98596	133.8972101	214.6258909	526.9810108	363.0154152	28	88	90	192.5	136.79	226.8	532.5	363.57	25	99.56	90																													
F	Wraps	37	Open	50.47	52	92.5	45	112.5	250	318.88	32.16606498	90.76877256	92.93140794	199.98596	133.8972101	214.6258909	526.9810108	363.0154152	28	88	90	192.5	136.79	226.8	532.5	363.57	25	99.56	90																													
F	Wraps	25	Open	57.7	60	120	52.5	142.5	315	362.05	32.16606498	90.76877256	92.93140794	199.98596	133.8972101	214.6258909	526.9810108	363.0154152	28	88	90	192.5	136.79	226.8	532.5	363.57	25	99.56	90																													
F	Wraps	24	Open	59.96	60	125	62.5	125	312.5	348.58	32.16606498	90.76877256	92.93140794	199.98596	133.8972101	214.6258909	526.9810108	363.0154152	28	88	90	192.5	136.79	226.8	532.5	363.57	25	99.56	90																													
F	Single-ply	43	Open	59.83	60	150	102.5	182.5	435	486.04	32.16606498	90.76877256	92.93140794	199.98596	133.8972101	214.6258909	526.9810108	363.0154152	28	88	90	192.5	136.79	226.8	532.5	363.57	25	99.56	90																													
F	Single-ply	43	M-1	59.83	60	150	102.5	182.5	435	486.04	32.16606498	90.76877256	92.93140794	199.98596	133.8972101	214.6258909	526.9810108	363.0154152	28	88	90	192.5	136.79	226.8	532.5	363.57	25	99.56	90																													
F	Raw	19	T-3	64.5	67.5	110	62.5	137.5	310	327.09	32.16606498	90.76877256	92.93140794	199.98596	133.8972101	214.6258909	526.9810108	363.0154152	28	88	90	192.5	136.79	226.8	532.5	363.57	25	99.56	90																													
F	Raw	38	Novice	64.14	67.5	97.5	70	140	307.5	325.81	32.16606498	90.76877256	92.93140794	199.98596	133.8972101	214.6258909	526.9810108	363.0154152	28	88	90	192.5	136.79	226.8	532.5	363.57	25	99.56	90																													
F	Raw	61	Open	67.4	67.5	135	102.5	160	397.5	406.13	32.16606498	90.76877256	92.93140794	199.98596	133.8972101	214.6258909	526.9810108	363.0154152	28	88	90	192.5	136.79	226.8	532.5	363.57	25	99.56	90																													
F	Wraps	27	Open	63.64	67.5	160	95	155	410	436.98	32.16606498	90.76877256	92.93140794	199.98596	133.8972101	214.6258909	526.9810108	363.0154152	28	88	90	192.5	136.79	226.8	532.5	363.57	25	99.56	90																													
F	Wraps	53	M-3	65.41	67.5	117.5	60	115	292.5	305.44	32.16606498	90.76877256	92.93140794	199.98596	133.8972101	214.6258909	526.9810108	363.0154152	28	88	90	192.5	136.79	226.8	532.5	363.57	25	99.56	90																													
F	Raw	61	M-5	67.4	67.5	135	102.5	160	397.5	406.13	32.16606498	90.76877256	92.93140794	199.98596	133.8972101	214.6258909	526.9810108	363.0154152	28	88	90	192.5	136.79	226.8	532.5	363.57	25	99.56	90																													
F	Raw	19	T-3	73.26	75	122.5	57.5	132.5	312.5	301.56	32.16606498	90.76877256	92.93140794	199.98596	133.8972101	214.6258909	526.9810108	363.0154152	28	88	90	192.5	136.79	226.8	532.5	363.57	25	99.56	90																													
F	Wraps	38	Novice	74.84	75	117.5	95	162.5	375	356.97	32.16606498	90.76877256	92.93140794	199.98596	133.8972101	214.6258909	526.9810108	363.0154152	28	88	90	192.5	136.79	226.8	532.5	363.57	25	99.56	90																													
F	Raw	29	Novice	71.26	75	117.5	65	147.5	330	324.33	32.16606498	90.76877256	92.93140794	199.98596	133.8972101	214.6258909	526.9810108	363.0154152	28	88	90	192.5	136.79	226.8	532.5	363.57	25	99.56	90																													
F	Raw	19	Novice	73.26	75	122.5	57.5	132.5	312.5	301.56	32.16606498	90.76877256	92.93140794	199.98596	133.8972101	214.6258909	526.9810108	363.0154152	28	88	90	192.5	136.79	226.8	532.5	363.57	25	99.56	90																													
F	Raw	20	Novice	72.35	75	112.5	50	147.5	310	301.6	32.16606498	90.76877256	92.93140794	199.98596	133.8972101	214.6258909	526.9810108	363.0154152	28	88	90	192.5	136.79	226.8	532.5	363.57	25	99.56	90																													
F	Raw	33	Open	74.84	75	117.5	75	142.5	335	318.89	32.16606498	90.76877256	92.93140794	199.98596	133.8972101	214.6258909	526.9810108	363.0154152	28	88	90	192.5	136.79	226.8	532.5	363.57	25	99.56	90																													
F	Wraps	25	Open	73.8	75	167.5	75	155	397.5	381.76	32.16606498	90.76877256	92.93140794	199.98596	133.8972101	214.6258909	526.9810108	363.0154152	28	88	90	192.5	136.79	226.8	532.5	363.57	25	99.56	90																													
F	Wraps	31	Open	73.94	75	157.5	75	145	377.5	362.12	32.16606498	90.76877256	92.93140794	199.98596	133.8972101	214.6258909	526.9810108	363.0154152	28	88	90	192.5	136.79	226.8	532.5	363.57	25	99.56	90																													
F	Wraps	54	M-3	74.84	75	110	82.5	115	307.5	292.71	32.16606498	90.76877256	92.93140794	199.98596	133.8972101	214.6258909	526.9810108	363.0154152	28	88	90	192.5	136.79	226.8	532.5	363.57	25	99.56	90																													
F	Raw	45	Open	81.78	82.5	102.5	172.5	102.5	377.5	341.31	32.16606498	90.76877256	92.93140794	199.98596	133.8972101	214.6258909	526.9810108	363.0154152	28	88	90	192.5	136.79	226.8	532.5	363.57	25	99.56	90																													
F	Raw	21	Novice	88.09	90	90	50	145	285	248.53	32.16606498	90.76877256	92.93140794	199.98596	133.8972101	214.6258909	526.9810108	363.0154152	28	88	90	192.5	136.79	226.8	532.5	363.57	25	99.56	90																													
F	Raw	27	Novice	86.95	90	92.5	70	110	272.5	239.02	32.16606498	90.76877256	92.93140794	199.98596	133.8972101	214.6258909	526.9810108	363.0154152	28	88	90	192.5	136.79	226.8	532.5	363.57	25	99.56	90																													
F	Wraps	30	Open	87.63	90	195	127.5	205	527.5	461.07	32.16606498	90.76877256	92.93140794	199.98596	133.8972101	214.6258909	526.9810108	363.0154152	28	88	90	192.5	136.79	226.8	532.5	363.57	25	99.56	90																													
F	Raw	56	M-4	84.64	90	80	45	92.5	217.5	193.23	32.16606498	90.76877256	92.93140794	199.98596	133.8972101	214.6258909	526.9810108	363.0154152	28	88	90	192.5	136.79	226.8	532.5	363.57	25	99.56	90																													
F	Raw	48	M-2	108.86	90			107.5	107.5	87.6	32.16606498	90.76877256	92.93140794	199.98596	133.8972101	214.6258909	526.9810108	363.0154152	28	88	90	192.5	136.79	226.8	532.5	363.57	25	99.56	90																													
M	Raw	27	Open	55.57	56	172.5	130	217.5	520	476.98	32.16606498	90.76877256	92.93140794	199.98596	133.8972101	214.6258909	526.9810108	363.0154152	28	88	90	192.5	136.79	226.8	532.5	363.57	25	99.56	90																													
M	Raw	19	T-3	64.18	67.5	120	77.5	165	362.5	291.36	32.16606498	90.76877256	92.93140794	199.98596	133.8972101	214.6258909	526.9810108	363.0154152	28	88	90	192.5	136.79	226.8	532.5	363.57	25	99.56	90																													
M	Raw	21	Novice	63.59	67.5	117.5	110	152.5	380	307.84	32.16606498	90.76877256	92.93140794	199.98596	133.8972101	214.6258909	526.9810108	363.0154152	28	88	90	192.5	136.79	226.8	532.5	363.57	25	99.56	90																													
M	Raw	18	T-3	71.71	75	182.5	125	212.5	520	382.67	32.16606498	90.76877256	92.93140794	199.98596	133.8972101	214.6258909	526.9810108	363.0154152	28	88	90	192.5	136.79	226.8	532.5	363.57	25	99.56	90																													
M	Raw	21	Novice	67.72	75	170	137.5	195	502.5	386.43	32.16606498	90.76877256	92.93140794	199.98596	133.8972101	214.6258909	526.9810108	363.0154152	28	88	90	192.5	136.79	226.8	532.5	363.57	25	99.56	90																													
M	Raw	20	Novice	71.99	75	172.5	112.5	207.5	492.5	361.39	32.16606498	90.76877256	92.93140794	199.98596	133.8972101	214.6258909	526.9810108	363.0154152	28	88	90	192.5	136.79	226.8	532.5	363.57	25	99.56	90																													
M	Raw	32	Novice	73.8	75	162.5	130	192.5	485	349.54	32.16606498	90.76877256	92.93140794	199.98596	133.8972101	214.6258909	526.9810108	363.0154152	28	88	90	192.5	136.79	226.8	532.5	363.57	25	99.56	90																													
M	Wraps	21	Novice	74.16	75	147.5	127.5	187.5	462.5	332.17	32.16606498	90.76877256	92.93140794	199.98596	133.8972101	214.6258909	526.9810108	363.0154152	28	88	90	192.5	136.79	226.8	532.5	363.57	25	99.56	90																													
M	Wraps	25	Open	73.94	75	167.5	142.5	215	525	377.86	32.16606498	90.76877256	92.93140794	199.98596	133.8972101	214.6258909	526.9810108	363.0154152	28	88	90	192.5	136.79	226.8	532.5	363.57	25	99.56	90																													
M	Raw	35	Novice	79.56	82.5	132.5	112.5	150	395	270.61	32.16606498	90.76877256	92.93140794	199.98596	133.8972101	214.6258909	526.9810108	363.0154152	28	88	90	192.5	136.79	226.8	532.5	363.57	25	99.56	90																													
M	Raw	29	Open	79.51	82.5	220	165	287.5	672.5	460.91	32.16606498	90.76877256	92.93140794	199.98596	133.8972101	214.6258909	526.9810108	363.0154152	28	88	90	192.5	136.79	226.8	532.5	363.57	25	99.56	90																													
M	Wraps	29	Open	81.87	82.5	285	152.5	262.5	700	471.11	32.16606498	90.76877256	92.93140794	199.98596	133.8972101	214.6258909	526.9810108	363.0154152	28	88	90	192.5	136.79	226.8	532.5	363.57	25	99.56	90																													
M	Wraps	29	Open	82.19	82.5	260	175	247.5	682.5	458.25	32.16606498	90.76877256	92.93140794	199.98596	133.8972101	214.6258909	526.9810108	363.0154152	28	88	90	192.5	136.79	226.8	532.5	363.57	25	99.56	90																													
M	Wraps	20	Open	78.93	82.5	192.5	105	222.5	520	358.06	32.16606498	90.76877256	92.93140794	199.98596	133.8972101	214.6258909	526.9810108	363.0154152	28	88	90	192.5	136.79	226.8	532.5	363.57	25	99.56	90																													
M	Wraps	32	Open	81.74	82.5	318	202.5	275	795	535.56	32.16606498	90.76877256	92.93140794	199.98596	133.8972101	214.6258909	526.9810108	363.0154152	28	88	90	192.5	136.79	226.8	532.5	363.57	25	99.56	90																													
M	Raw	18	T-3	88.5	90	252.5	157.5	222.5	632.5	407.31	32.16606498	90.76877256	92.93140794	199.98596	133.8972101	214.6258909	526.9810108	363.0154152	28	88	90	192.5	136.79	226.8	532.5	363.57	25	99.56	90																													
M	Raw	23	M/P/F	87.86	90	192.5	137.5	230	560	362.01	32.16606498	90.76877256	92.93140794	199.98596	133.8972101	214.6258909	526.9810108	363.0154152	28	88	90	192.5	136.79	226.8	532.5	363.57	25	99.56	90																													
M	Raw	29	Novice	88.27	90	250	160	272.5	682.5	440.11	32.16606498	90.76877256	92.93140794	199.98596	133.8972101	214.6258909	526.9810108	363.0154152	28	88	90	192.5	136.79	226.8	532.5	363.57	25	99.56	90																													
M	Raw	21	Novice	88.22	90	207.5	157.5	275	640	412.83	32.16606498	90.76877256	92.93140794	199.98596	133.8972101	214.6258909	526.9810108	363.0154152	28	88	90	192.5	136.79	226.8	532.5	363.57	25	99.56	90																													
M	Raw	24	Novice	88	90	185	165	247.5	597.5	385.93	32.16606498	90.76877256	92.93140794	199.98596	133.8972101	214.6258909	526.9810108	363.0154152	28	88	90	192.5	136.79	226.8	532.5	363.57	25	99.56	90																													
M	Raw	31	Novice	87.54	90	182.5	130	235	547.5	354.62	32.16606498	90.76877256	92.93140794	199.98596	133.8972101	214.6258909	526.9810108	363.0154152	28	88	90	192.5	136.79	226.8	532.5	363.57	25	99.56	90																													
M	Wraps	21	Novice	86.55	90	215	125	275	615	400.81	32.16606498	90.76877256	92.93140794	199.98596	133.8972101	214.6258909	526.9810108	363.0154152	28	88	90	192.5	136.79	226.8	532.5	363.57	25	99.56	90																													
M	Raw	29	Open	88.27	90	250	160	272.5	682.5	440.11	32.16606498	90.76877256	92.93140794	199.98596	133.8972101	214.6258909	526.9810108	363.0154152	28	88	90	192.5	136.79	226.8	532.5	363.57	25	99.56	90																													
M	Raw	21	Open	88.22	90	207.5	157.5	275	640	412.83	32.16606498	90.76877256	92.93140794	199.98596	133.8972101	214.6258909	526.9810108	363.0154152	28	88	90	192.5	136.79	226.8	532.5	363.57	25	99.56	90																													
M	Raw	31	Open	87.54	90	182.5	130	235	547.5	354.62	32.16606498	90.76877256	92.93140794	199.98596	133.8972101	214.6258909	526.9810108	363.0154152	28	88	90	192.5	136.79	226.8	532.5	363.57	25	99.56	90																													
M	Wraps	39	Open	87.82	90	227.5	135	260	622.5	402.51	32.16606498	90.76877256	92.93140794	199.98596	133.8972101	214.6258909	526.9810108	363.0154152	28	88	90	192.5	136.79	226.8	532.5	363.57	25	99.56	90																													
M	Wraps	21	Open	86.55	90	215	125	275	615	400.81	32.16606498	90.76877256	92.93140794	199.98596	133.8972101	214.6258909	526.9810108	363.0154152	28	88	90	192.5	136.79	226.8	532.5	363.57	25	99.56	90																													
M	Raw	40	M-1	88.36	90	222.5	192.5	255	670	431.82	32.16606498	90.76877256	92.93140794	199.98596	133.8972101	214.6258909	526.9810108	363.0154152	28	88	90	192.5	136.79	226.8	532.5	363.57	25	99.56	90																													
M	Wraps	51	M-3	84.37	90	147.5	135	190	472.5	312.39	32.16606498	90.76877256	92.93140794	199.98596	133.8972101	214.6258909	526.9810108	363.0154152	28	88	90	192.5	136.79	226.8	532.5	363.57	25	99.56	90																													
M	Raw	18	T-3	98.61	100	185	117.5	230	532.5	325.92	32.16606498	90.76877256	92.93140794	199.98596	133.8972101	214.6258909	526.9810108	363.0154152	28	88	90	192.5	136.79	226.8	532.5	363.57	25	99.56	90																													
M	Wraps	17	T-2	97.75	100	245	140	242.5	627.5	385.48	32.16606498	90.76877256	92.93140794	199.98596	133.8972101	214.6258909	526.9810108	363.0154152	28	88	90	192.5	136.79	226.8	532.5	363.57	25	99.56	90																													
M	Wraps	20	Novice	96.62	100	250	150	237.5	637.5	393.58	32.16606498	90.76877256	92.93140794	199.98596	133.8972101	214.6258909	526.9810108	363.0154152	28	88	90	192.5	136.79	226.8	532.5	363.57	25	99.56	90																													
M	Raw	23	Open	99.52	100	277.5	170	312.5	760	463.42	32.16606498	90.76877256	92.93140794	199.98596	133.8972101	214.6258909	526.9810108	363.0154152	28	88	90	192.5	136.79	226.8	532.5	363.57	25	99.56	90																													
M	Raw	28	Open	97.3	100	240	170	295	705	433.94	32.16606498	90.76877256	92.93140794	199.98596	133.8972101	214.6258909	526.9810108	363.0154152	28	88	90	192.5	136.79	226.8	532.5	363.57	25	99.56	90																													
M	Wraps	26	Open	97.93	100	272.5	215	310	797.5	489.53	32.16606498	90.76877256	92.93140794	199.98596	133.8972101	214.6258909	526.9810108	363.0154152	28	88	90	192.5	136.79	226.8	532.5	363.57	25	99.56	90																													
M	Wraps	32	Open	99.56	100	295	200	320	815	496.88	32.16606498	90.76877256	92.93140794	199.98596	133.8972101	214.6258909	526.9810108	363.0154152	28	88	90	192.5	136.79	226.8	532.5	363.57	25	99.56	90																													
M	Wraps	28	Open	99.56	100	232.5	170	275	677.5	413.05	32.16606498	90.76877256	92.93140794	199.98596	133.8972101	214.6258909	526.9810108	363.0154152	28	88	90	192.5	136.79	226.8	532.5	363.57	25	99.56	90																													
M	Raw	28	M/P/F	97.3	100	240	170	295	705	433.94	32.16606498	90.76877256	92.93140794	199.98596	133.8972101	214.6258909	526.9810108	363.0154152	28	88	90	192.5	136.79	226.8	532.5	363.57	25	99.56	90																													
M	Wraps	55	M/P/F	99.56	100	155	107.5	200	462.5	281.97	32.16606498	90.76877256	92.93140794	199.98596	133.8972101	214.6258909	526.9810108	363.0154152	28	88	90	192.5	136.79	226.8	532.5	363.57	25	99.56	90																													
M	Wraps	55	M-4	99.56	100	155	107.5	200	462.5	281.97	32.16606498	90.76877256	92.93140794	199.98596	133.8972101	214.6258909	526.9810108	363.0154152	28	88	90	192.5	136.79	226.8	532.5	363.57	25	99.56	90																													
M	Single-ply	44	M-1	99.52	100	205	160	240	605	368.91	32.16606498	90.76877256	92.93140794	199.98596	133.8972101	214.6258909	526.9810108	363.0154152	28	88	90	192.5	136.79	226.8	532.5	363.57	25	99.56	90																													
M	Raw	23	Novice	104.69	110	185	137.5	232.5	555	331.99	32.16606498	90.76877256	92.93140794	199.98596	133.8972101	214.6258909	526.9810108	363.0154152	28	88	90	192.5	136.79	226.8	532.5	363.57	25	99.56	90																													
M	Raw	22	Novice	108.64	110	167.5	127.5	215	510	301.3	32.16606498	90.76877256	92.93140794	199.98596	133.8972101	214.6258909	526.9810108	363.0154152	28	88	90	192.5	136.79	226.8	532.5	363.57	25	99.56	90																													
M	Raw	27	M/P/F	109.59	110	240	157.5	247.5	645	380.02	32.16606498	90.76877256	92.93140794	199.98596	133.8972101	214.6258909	526.9810108	363.0154152	28	88	90	192.5	136.79	226.8	532.5	363.57	25	99.56	90																													
M	Wraps	36	M/P/F	103.19	110	230	170	210	610	366.79	32.16606498	90.76877256	92.93140794	199.98596	133.8972101	214.6258909	526.9810108	363.0154152	28	88	90	192.5	136.79	226.8	532.5	363.57	25	99.56	90																													
M	Raw	36	Open	109.32	110	245	215	275	735	433.37	32.16606498	90.76877256	92.93140794	199.98596	133.8972101	214.6258909	526.9810108	363.0154152	28	88	90	192.5	136.79	226.8	532.5	363.57	25	99.56	90																													
M	Wraps	23	Open	108	110	355	202.5	320	877.5	519.4	32.16606498	90.76877256	92.93140794	199.98596	133.8972101	214.6258909	526.9810108	363.0154152	28	88	90	192.5	136.79	226.8	532.5	363.57	25	99.56	90																													
M	Wraps	25	Open	104.19	110	325	180	272.5	777.5	465.88	32.16606498	90.76877256	92.93140794	199.98596	133.8972101	214.6258909	526.9810108	363.0154152	28	88	90	192.5	136.79	226.8	532.5	363.57	25	99.56	90																													
M	Wraps	33	Open	108.77	110	242.5	165	242.5	650	383.86	32.16606498	90.76877256	92.93140794	199.98596	133.8972101	214.6258909	526.9810108	363.0154152	28	88	90	192.5	136.79	226.8	532.5	363.57	25	99.56	90																													
M	Wraps	33	Open	109.5	110	277.5	162.5	232.5	672.5	396.32	32.16606498	90.76877256	92.93140794	199.98596	133.8972101	214.6258909	526.9810108	363.0154152	28	88	90	192.5	136.79	226.8	532.5	363.57	25	99.56	90																													
M	Multi-ply	29	Open	107.64	110	457.5	320	347.5	1125	666.62	32.16606498	90.76877256	92.93140794	199.98596	133.8972101	214.6258909	526.9810108	363.0154152	28	88	90	192.5	136.79	226.8	532.5	363.57	25	99.56	90																													
M	Raw	54	M-4	106.96	110	187.5	170	260	617.5	366.66	32.16606498	90.76877256	92.93140794	199.98596	133.8972101	214.6258909	526.9810108	363.0154152	28	88	90	192.5	136.79	226.8	532.5	363.57	25	99.56	90																													
M	Raw	18	T-3	122.02	125	232.5	155	235	622.5	356.54	32.16606498	90.76877256	92.93140794	199.98596	133.8972101	214.6258909	526.9810108	363.0154152	28	88	90	192.5	136.79	226.8	532.5	363.57	25	99.56	90																													
M	Raw	42	Novice	121.02	125	190	130	212.5	532.5	305.55	32.16606498	90.76877256	92.93140794	199.98596	133.8972101	214.6258909	526.9810108	363.0154152	28	88	90	192.5	136.79	226.8	532.5	363.57	25	99.56	90																													
M	Wraps	39	Novice	117.25	125	225	185	272.5	682.5	394.58	32.16606498	90.76877256	92.93140794	199.98596	133.8972101	214.6258909	526.9810108	363.0154152	28	88	90	192.5	136.79	226.8	532.5	363.57	25	99.56	90																													
M	Wraps	32	Open	113.44	125	307.5	210	275	792.5	462.2	32.16606498	90.76877256	92.93140794	199.98596	133.8972101	214.6258909	526.9810108	363.0154152	28	88	90	192.5	136.79	226.8	532.5	363.57	25	99.56	90																													
M	Wraps	27	Open	124.74	125	282.5	170	287.5	740	421.86	32.16606498	90.76877256	92.93140794	199.98596	133.8972101	214.6258909	526.9810108	363.0154152	28	88	90	192.5	136.79	226.8	532.5	363.57	25	99.56	90																													
M	Wraps	27	Open	123.24	125	227.5	172.5	257.5	657.5	375.78	32.16606498	90.76877256	92.93140794	199.98596	133.8972101	214.6258909	526.9810108	363.0154152	28	88	90	192.5	136.79	226.8	532.5	363.57	25	99.56	90																													
M	Wraps	29	Open	121.38	125	352.5	197.5	357.5	907.5	520.38	32.16606498	90.76877256	92.93140794	199.98596	133.8972101	214.6258909	526.9810108	363.0154152	28	88	90	192.5	136.79	226.8	532.5	363.57	25	99.56	90																													
M	Wraps	25	Open	122.47	125	377.5	172.5	320	870	497.9	32.16606498	90.76877256	92.93140794	199.98596	133.8972101	214.6258909	526.9810108	363.0154152	28	88	90	192.5	136.79	226.8	532.5	363.57	25	99.56	90																													
M	Wraps	53	Open	124.33	125	350	200	320	870	496.31	32.16606498	90.76877256	92.93140794	199.98596	133.8972101	214.6258909	526.9810108	363.0154152	28	88	90	192.5	136.79	226.8	532.5	363.57	25	99.56	90																													
M	Multi-ply	32	Open	117.34	125	417.5	295	295	1007.5	582.37	32.16606498	90.76877256	92.93140794	199.98596	133.8972101	214.6258909	526.9810108	363.0154152	28	88	90	192.5	136.79	226.8	532.5	363.57	25	99.56	90																													
M	Raw	46	M-2	115.03	125	250	192.5	265	707.5	411.06	32.16606498	90.76877256	92.93140794	199.98596	133.8972101	214.6258909	526.9810108	363.0154152	28	88	90	192.5	136.79	226.8	532.5	363.57	25	99.56	90																													
M	Wraps	53	M-3	124.33	125	350	200	320	870	496.31	32.16606498	90.76877256	92.93140794	199.98596	133.8972101	214.6258909	526.9810108	363.0154152	28	88	90	192.5	136.79	226.8	532.5	363.57	25	99.56	90																													
M	Wraps	47	M-2	136.08	140	375	195	125	695	390.07	32.16606498	90.76877256	92.93140794	199.98596	133.8972101	214.6258909	526.9810108	363.0154152	28	88	90	192.5	136.79	226.8	532.5	363.57	25	99.56	90																													
M	Wraps	53	M-3	138.35	140	227.5	160	272.5	660	369.47	32.16606498	90.76877256	92.93140794	199.98596	133.8972101	214.6258909	526.9810108	363.0154152	28	88	90	192.5	136.79	226.8	532.5	363.57	25	99.56	90																													
M	Raw	38	Novice	145.15	140	230	147.5	200	577.5	321.02	32.16606498	90.76877256	92.93140794	199.98596	133.8972101	214.6258909	526.9810108	363.0154152	28	88	90	192.5	136.79	226.8	532.5	363.57	25	99.56	90																													
M	Multi-ply	38	Open	154.18	140	432.5	347.5	352.5	1132.5	624.18	32.16606498	90.76877256	92.93140794	199.98596	133.8972101	214.6258909	526.9810108	363.0154152	28	88	90	192.5	136.79	226.8	532.5	363.57	25	99.56	90																													
F	Raw	27	Novice	59.69	60	127.01	58.97	131.54	317.51	355.41	32.16606498	90.76877256	92.93140794	199.98596	133.8972101	214.6258909	526.9810108	363.0154152	28	88	90	192.5	136.79	226.8	532.5	363.57	25	99.56	90																													
F	Wraps	25	Open	59.6	60	102.06	52.16	136.08	290.3	325.34	32.16606498	90.76877256	92.93140794	199.98596	133.8972101	214.6258909	526.9810108	363.0154152	28	88	90	192.5	136.79	226.8	532.5	363.57	25	99.56	90																													
F	Raw	35	Novice	67.13	67.5	102.06	63.5	131.54	297.1	304.43	32.16606498	90.76877256	92.93140794	199.98596	133.8972101	214.6258909	526.9810108	363.0154152	28	88	90	192.5	136.79	226.8	532.5	363.57	25	99.56	90																													
F	Multi-ply	21	Open	67.22	67.5	183.7	111.13	192.78	487.61	499.15	32.16606498	90.76877256	92.93140794	199.98596	133.8972101	214.6258909	526.9810108	363.0154152	28	88	90	192.5	136.79	226.8	532.5	363.57	25	99.56	90																													
F	Wraps	32	Open	62.28	67.5	108.86	65.77	142.88	317.51	343.98	32.16606498	90.76877256	92.93140794	199.98596	133.8972101	214.6258909	526.9810108	363.0154152	28	88	90	192.5	136.79	226.8	532.5	363.57	25	99.56	90																													
F	Raw	35	Open	67.13	67.5	102.06	63.5	131.54	297.1	304.43	32.16606498	90.76877256	92.93140794	199.98596	133.8972101	214.6258909	526.9810108	363.0154152	28	88	90	192.5	136.79	226.8	532.5	363.57	25	99.56	90																													
F	Raw	27	Novice	74.03	75	124.74	70.31	142.88	337.93	323.91	32.16606498	90.76877256	92.93140794	199.98596	133.8972101	214.6258909	526.9810108	363.0154152	28	88	90	192.5	136.79	226.8	532.5	363.57	25	99.56	90																													
F	Raw	32	Open	76.7	82.5	131.54	77.11	149.69	358.34	335.99	32.16606498	90.76877256	92.93140794	199.98596	133.8972101	214.6258909	526.9810108	363.0154152	28	88	90	192.5	136.79	226.8	532.5	363.57	25	99.56	90																													
F	Raw	27	Novice	85.59	90	122.47	63.5	99.79	285.76	252.5	32.16606498	90.76877256	92.93140794	199.98596	133.8972101	214.6258909	526.9810108	363.0154152	28	88	90	192.5	136.79	226.8	532.5	363.57	25	99.56	90																													
F	Wraps	50	M3	108.86	90	154.22	97.52	181.44	433.18	352.99	32.16606498	90.76877256	92.93140794	199.98596	133.8972101	214.6258909	526.9810108	363.0154152	28	88	90	192.5	136.79	226.8	532.5	363.57	25	99.56	90																													
M	Raw	27	Novice	65.41	67.5	145.15	99.79	165.56	410.5	324.72	32.16606498	90.76877256	92.93140794	199.98596	133.8972101	214.6258909	526.9810108	363.0154152	28	88	90	192.5	136.79	226.8	532.5	363.57	25	99.56	90																													
M	Raw	24	Novice	74.75	75	154.22	117.93	192.78	464.93	332.06	32.16606498	90.76877256	92.93140794	199.98596	133.8972101	214.6258909	526.9810108	363.0154152	28	88	90	192.5	136.79	226.8	532.5	363.57	25	99.56	90																													
M	Raw	22	Novice	81.19	82.5	167.83	120.2	210.92	498.95	337.51	32.16606498	90.76877256	92.93140794	199.98596	133.8972101	214.6258909	526.9810108	363.0154152	28	88	90	192.5	136.79	226.8	532.5	363.57	25	99.56	90																													
M	Wraps	22	Open	81.74	82.5	224.53	149.69	235.87	610.08	410.99	32.16606498	90.76877256	92.93140794	199.98596	133.8972101	214.6258909	526.9810108	363.0154152	28	88	90	192.5	136.79	226.8	532.5	363.57	25	99.56	90																													
M	Raw	22	Open	82.1	82.5	192.78	149.69	238.14	580.6	390.09	32.16606498	90.76877256	92.93140794	199.98596	133.8972101	214.6258909	526.9810108	363.0154152	28	88	90	192.5	136.79	226.8	532.5	363.57	25	99.56	90																													
M	Raw	23	Open	81.78	82.5	183.7	138.35	215.46	537.51	361.99	32.16606498	90.76877256	92.93140794	199.98596	133.8972101	214.6258909	526.9810108	363.0154152	28	88	90	192.5	136.79	226.8	532.5	363.57	25	99.56	90																													
M	Raw	41	M1	83.01	90	192.78	142.88	229.06	564.72	376.92	32.16606498	90.76877256	92.93140794	199.98596	133.8972101	214.6258909	526.9810108	363.0154152	28	88	90	192.5	136.79	226.8	532.5	363.57	25	99.56	90																													
M	Raw	40	M1	83.01	90	190.51	127.01	242.67	560.19	373.9	32.16606498	90.76877256	92.93140794	199.98596	133.8972101	214.6258909	526.9810108	363.0154152	28	88	90	192.5	136.79	226.8	532.5	363.57	25	99.56	90																													
M	Raw	31	Novice	97.79	100	229.06	136.08	226.8	591.94	363.57	32.16606498	90.76877256	92.93140794	199.98596	133.8972101	214.6258909	526.9810108	363.0154152	28	88	90	192.5	136.79	226.8	532.5	363.57	25	99.56	90																													
M	Wraps	24	Open	98.93	100	195.04	127.01	179.17	501.22	306.37	32.16606498	90.76877256	92.93140794	199.98596	133.8972101	214.6258909	526.9810108	363.0154152	28	88	90	192.5	136.79	226.8	532.5	363.57	25	99.56	90																													
M	Raw	23	Open	99.47	100	244.94	142.88	238.14	625.96	381.77	32.16606498	90.76877256	92.93140794	199.98596	133.8972101	214.6258909	526.9810108	363.0154152	28	88	90	192.5	136.79	226.8	532.5	363.57	25	99.56	90																													
M	Raw	23	Open	95.62	100	188.24	136.08	204.12	528.44	327.75	32.16606498	90.76877256	92.93140794	199.98596	133.8972101	214.6258909	526.9810108	363.0154152	28	88	90	192.5	136.79	226.8	532.5	363.57	25	99.56	90																													
M	Raw	34	Novice	107.95	110	172.37	111.13	204.12	487.61	288.66	32.16606498	90.76877256	92.93140794	199.98596	133.8972101	214.6258909	526.9810108	363.0154152	28	88	90	192.5	136.79	226.8	532.5	363.57	25	99.56	90																													
M	Raw	26	MPF	109.77	110	233.6	145.15	306.17	684.92	403.33	32.16606498	90.76877256	92.93140794	199.98596	133.8972101	214.6258909	526.9810108	363.0154152	28	88	90	192.5	136.79	226.8	532.5	363.57	25	99.56	90																													
M	Wraps	25	MPF	109.04	110	272.16	206.38	324.32	802.86	473.77	32.16606498	90.76877256	92.93140794	199.98596	133.8972101	214.6258909	526.9810108	363.0154152	28	88	90	192.5	136.79	226.8	532.5	363.57	25	99.56	90																													
M	Raw	27	Open	106.78	110	244.94	154.22	281.23	680.39	404.23	32.16606498	90.76877256	92.93140794	199.98596	133.8972101	214.6258909	526.9810108	363.0154152	28	88	90	192.5	136.79	226.8	532.5	363.57	25	99.56	90																													
M	Wraps	23	Open	109.18	110	335.66	192.78	317.51	845.95	498.99	32.16606498	90.76877256	92.93140794	199.98596	133.8972101	214.6258909	526.9810108	363.0154152	28	88	90	192.5	136.79	226.8	532.5	363.57	25	99.56	90																													
M	Wraps	25	Open	109.04	110	272.16	206.38	324.32	802.86	473.77	32.16606498	90.76877256	92.93140794	199.98596	133.8972101	214.6258909	526.9810108	363.0154152	28	88	90	192.5	136.79	226.8	532.5	363.57	25	99.56	90																													
M	Multi-ply	28	Open	107.27	110	317.51	197.31	265.35	780.18	462.82	32.16606498	90.76877256	92.93140794	199.98596	133.8972101	214.6258909	526.9810108	363.0154152	28	88	90	192.5	136.79	226.8	532.5	363.57	25	99.56	90																													
M	Raw	37	Novice	117.03	125	251.74	197.31	308.44	757.5	438.15	32.16606498	90.76877256	92.93140794	199.98596	133.8972101	214.6258909	526.9810108	363.0154152	28	88	90	192.5	136.79	226.8	532.5	363.57	25	99.56	90																													
M	Multi-ply	61	M5	113.99	125	374.21	61.23	124.74	560.19	326.28	32.16606498	90.76877256	92.93140794	199.98596	133.8972101	214.6258909	526.9810108	363.0154152	28	88	90	192.5	136.79	226.8	532.5	363.57	25	99.56	90																													
M	Multi-ply	26	Open	124.51	125	362.87	297.1	292.57	952.54	543.24	32.16606498	90.76877256	92.93140794	199.98596	133.8972101	214.6258909	526.9810108	363.0154152	28	88	90	192.5	136.79	226.8	532.5	363.57	25	99.56	90																													
M	Multi-ply	31	Open	115.71	125	328.85	165.56	310.71	805.13	467.06	32.16606498	90.76877256	92.93140794	199.98596	133.8972101	214.6258909	526.9810108	363.0154152	28	88	90	192.5	136.79	226.8	532.5	363.57	25	99.56	90																													
M	Wraps	28	Open	119.34	125	369.68	240.4	303.91	913.99	526.15	32.16606498	90.76877256	92.93140794	199.98596	133.8972101	214.6258909	526.9810108	363.0154152	28	88	90	192.5	136.79	226.8	532.5	363.57	25	99.56	90																													
M	Wraps	22	Open	121.7	125	303.91	215.46	319.78	839.15	480.91	32.16606498	90.76877256	92.93140794	199.98596	133.8972101	214.6258909	526.9810108	363.0154152	28	88	90	192.5	136.79	226.8	532.5	363.57	25	99.56	90																													
F	Raw	36	Open	55.79	56	80	45	112.5	237.5	280.27	32.16606498	90.76877256	92.93140794	199.98596	133.8972101	214.6258909	526.9810108	363.0154152	28	88	90	192.5	136.79	226.8	532.5	363.57	25	99.56	90																													
F	Raw	28	Novice	56.88	60	100	60	105	265	308.01	32.16606498	90.76877256	92.93140794	199.98596	133.8972101	214.6258909	526.9810108	363.0154152	28	88	90	192.5	136.79	226.8	532.5	363.57	25	99.56	90																													
F	Raw	23	Novice	65.77	67.5	112.5	52.5	115	280	291.21	32.16606498	90.76877256	92.93140794	199.98596	133.8972101	214.6258909	526.9810108	363.0154152	28	88	90	192.5	136.79	226.8	532.5	363.57	25	99.56	90																													
F	Raw	38	Novice	66.22	67.5	87.5	60	120	267.5	276.82	32.16606498	90.76877256	92.93140794	199.98596	133.8972101	214.6258909	526.9810108	363.0154152	28	88	90	192.5	136.79	226.8	532.5	363.57	25	99.56	90																													
F	Wraps	22	Novice	73.3	75	110	60	115	285	274.92	32.16606498	90.76877256	92.93140794	199.98596	133.8972101	214.6258909	526.9810108	363.0154152	28	88	90	192.5	136.79	226.8	532.5	363.57	25	99.56	90																													
F	Wraps	22	Open	73.3	75	110	60	115	285	274.92	32.16606498	90.76877256	92.93140794	199.98596	133.8972101	214.6258909	526.9810108	363.0154152	28	88	90	192.5	136.79	226.8	532.5	363.57	25	99.56	90																													
F	Wraps	38	Novice	82.37	82.5	60	42.5	97.5	200	180.14	32.16606498	90.76877256	92.93140794	199.98596	133.8972101	214.6258909	526.9810108	363.0154152	28	88	90	192.5	136.79	226.8	532.5	363.57	25	99.56	90																													
F	Raw	26	Open	75.39	82.5	112.5	70	137.5	320	303.22	32.16606498	90.76877256	92.93140794	199.98596	133.8972101	214.6258909	526.9810108	363.0154152	28	88	90	192.5	136.79	226.8	532.5	363.57	25	99.56	90																													
F	Raw	24	Open	85.09	90	110	57.5	115	282.5	250.33	32.16606498	90.76877256	92.93140794	199.98596	133.8972101	214.6258909	526.9810108	363.0154152	28	88	90	192.5	136.79	226.8	532.5	363.57	25	99.56	90																													
F	Raw	25	Open	89.36	90	92.5	52.5	107.5	252.5	218.83	32.16606498	90.76877256	92.93140794	199.98596	133.8972101	214.6258909	526.9810108	363.0154152	28	88	90	192.5	136.79	226.8	532.5	363.57	25	99.56	90																													
M	Raw	15	T1-Teen	54.61	56		67.5	105	172.5	160.99	32.16606498	90.76877256	92.93140794	199.98596	133.8972101	214.6258909	526.9810108	363.0154152	28	88	90	192.5	136.79	226.8	532.5	363.57	25	99.56	90																													
M	Raw	27	M/P/F	74.12	75	202.5	165	205	572.5	411.33	32.16606498	90.76877256	92.93140794	199.98596	133.8972101	214.6258909	526.9810108	363.0154152	28	88	90	192.5	136.79	226.8	532.5	363.57	25	99.56	90																													
M	Raw	25	Open	74.21	75	182.5	120	230	532.5	382.27	32.16606498	90.76877256	92.93140794	199.98596	133.8972101	214.6258909	526.9810108	363.0154152	28	88	90	192.5	136.79	226.8	532.5	363.57	25	99.56	90																													
M	Raw	29	Open	72.67	75	175	110	207.5	492.5	358.91	32.16606498	90.76877256	92.93140794	199.98596	133.8972101	214.6258909	526.9810108	363.0154152	28	88	90	192.5	136.79	226.8	532.5	363.57	25	99.56	90																													
M	Raw	19	T3-Teen	81.19	82.5	165	117.5	225	507.5	343.3	32.16606498	90.76877256	92.93140794	199.98596	133.8972101	214.6258909	526.9810108	363.0154152	28	88	90	192.5	136.79	226.8	532.5	363.57	25	99.56	90																													
M	Wraps	20	Novice	81.19	82.5	210	110	230	550	372.05	32.16606498	90.76877256	92.93140794	199.98596	133.8972101	214.6258909	526.9810108	363.0154152	28	88	90	192.5	136.79	226.8	532.5	363.57	25	99.56	90																													
M	Raw	35	Open	80.47	82.5	195	137.5	230	562.5	382.61	32.16606498	90.76877256	92.93140794	199.98596	133.8972101	214.6258909	526.9810108	363.0154152	28	88	90	192.5	136.79	226.8	532.5	363.57	25	99.56	90																													
M	Raw	20	Open	82.1	82.5	182.5	127.5	240	550	369.53	32.16606498	90.76877256	92.93140794	199.98596	133.8972101	214.6258909	526.9810108	363.0154152	28	88	90	192.5	136.79	226.8	532.5	363.57	25	99.56	90																													
M	Raw	19	T3-Teen	89.9	90	220	154.75	232.5	607.25	387.88	32.16606498	90.76877256	92.93140794	199.98596	133.8972101	214.6258909	526.9810108	363.0154152	28	88	90	192.5	136.79	226.8	532.5	363.57	25	99.56	90																													
M	Raw	32	M/P/F	89.63	90	235	137.5	257.5	630	403.04	32.16606498	90.76877256	92.93140794	199.98596	133.8972101	214.6258909	526.9810108	363.0154152	28	88	90	192.5	136.79	226.8	532.5	363.57	25	99.56	90																													
M	Wraps	20	Novice	81.19	82.5	210	110	230	550	372.05	32.16606498	90.76877256	92.93140794	199.98596	133.8972101	214.6258909	526.9810108	363.0154152	28	88	90	192.5	136.79	226.8	532.5	363.57	25	99.56	90																													
M	Raw	26	Open	88.72	90	215	140	272.5	627.5	403.56	32.16606498	90.76877256	92.93140794	199.98596	133.8972101	214.6258909	526.9810108	363.0154152	28	88	90	192.5	136.79	226.8	532.5	363.57	25	99.56	90																													